trial number, target position, gain, vibration, exposure time, 2afc, embodiment
1,0.777284,0.9,-2,2.939948,Higher,2
2,0.2377575,1,-1,2.929407,Lower,4
3,0.8369821,1.4,1,3.619919,Lower,4
4,0.1902687,1.3,-2,3.318607,Higher,6
5,0.1505189,1.2,-1,3.674729,Lower,1
